date,n,topk,gross_return,benchmark_return,active_return,net_return,net_active_return,turnover,cost,max_industry_weight,size_exposure
2023-01-03,70,5,0.00548838955878705,0.0021274322071788906,0.0033609573516081596,0.004988389558787051,0.00286095735160816,0.5,0.0005,0.2,0.8009340692022917
2023-01-04,70,5,0.0053982779465078365,0.0020433175331675676,0.003354960413340269,0.004798277946507837,0.002754960413340269,0.6000000000000001,0.0006000000000000001,0.4,0.4653465205866034
2023-01-05,70,5,0.00884721606966105,0.0006696081002318308,0.008177607969429219,0.00844721606966105,0.007777607969429219,0.4,0.0004,0.2,0.05671058397369322
2023-01-06,70,5,0.008852369455035775,0.0025837080767830804,0.006268661378252695,0.008852369455035775,0.006268661378252695,0.0,0.0,0.2,0.06242596756971608
2023-01-09,70,5,0.009477225331837631,0.004626266607835525,0.0048509587240021055,0.00927722533183763,0.004650958724002105,0.2,0.0002,0.2,-0.23030482910560224
2023-01-10,70,5,0.0075976631129427204,0.004436995328535533,0.0031606677844071875,0.007397663112942721,0.002960667784407188,0.2,0.0002,0.2,-0.5082252931882856
2023-01-11,70,5,0.008526562628893782,0.004653170266326256,0.003873392362567526,0.008126562628893783,0.003473392362567527,0.4,0.0004,0.2,-0.2596123926509417
2023-01-12,70,5,0.006202335533045389,0.005715527580966308,0.00048680795207908106,0.006002335533045389,0.0002868079520790814,0.2,0.0002,0.2,-0.09236145702675103
2023-01-13,70,5,0.00943632283106888,0.005869294701199091,0.00356702812986979,0.00923632283106888,0.0033670281298697896,0.2,0.0002,0.2,0.09276984918042785
2023-01-16,70,5,0.004071466378610796,0.0029687276694826863,0.0011027387091281093,0.004071466378610796,0.0011027387091281093,0.0,0.0,0.2,0.10596446102611878
2023-01-17,70,5,0.002327451966814942,0.002522834288451436,-0.00019538232163649437,0.002327451966814942,-0.00019538232163649437,0.0,0.0,0.2,0.10928001258325182
2023-01-18,70,5,0.003883468775458314,0.004074999794845657,-0.00019153101938734329,0.003883468775458314,-0.00019153101938734329,0.0,0.0,0.2,0.11466317900589829
2023-01-19,70,5,0.002736642170746091,0.0029151972308353474,-0.00017855506008925643,0.002536642170746091,-0.0003785550600892565,0.2,0.0002,0.2,-0.17553096707329807
2023-01-20,70,5,-0.0010020386094616242,-0.0007762685782311191,-0.00022577003123050508,-0.0012020386094616243,-0.00042577003123050517,0.2,0.0002,0.2,0.2521448982202905
2023-01-30,70,5,-0.003360739612303929,-0.0026608246662949376,-0.0006999149460089915,-0.003560739612303929,-0.0008999149460089916,0.2,0.0002,0.2,0.5901546129414861
2023-01-31,70,5,-0.0019288487720217427,-0.0017509090780434618,-0.00017793969397828088,-0.0021288487720217426,-0.00037793969397828075,0.2,0.0002,0.2,0.39382759827206826
2023-02-01,70,5,-0.005641281067824777,-0.004240576828101203,-0.0014007042397235735,-0.005841281067824776,-0.0016007042397235731,0.2,0.0002,0.2,0.31684881894224404
2023-02-02,70,5,-0.002515531391519881,-0.0022230227030327404,-0.0002925086884871405,-0.002515531391519881,-0.0002925086884871405,0.0,0.0,0.2,0.3077165209161592
2023-02-03,70,5,-0.0017443583638871729,-0.0007611972980260519,-0.000983161065861121,-0.001944358363887173,-0.001183161065861121,0.2,0.0002,0.2,0.39219872139812395
2023-02-06,70,5,-0.0022899869228328695,0.003298441684671166,-0.005588428607504036,-0.0024899869228328696,-0.005788428607504036,0.2,0.0002,0.2,0.17225996630367035
2023-02-07,70,5,0.00228964207505983,0.0037271520634376367,-0.0014375099883778067,0.00208964207505983,-0.0016375099883778068,0.2,0.0002,0.2,0.2566307514290891
2023-02-08,69,5,0.003538521282872313,0.0038693373093387634,-0.0003308160264664504,0.003338521282872313,-0.0005308160264664505,0.2,0.0002,0.2,0.12486503566013596
2023-02-09,69,5,0.0011921426821697345,-0.00010018478748978058,0.001292327469659515,0.0009921426821697344,0.001092327469659515,0.2,0.0002,0.2,-0.21886300075015797
2023-02-10,69,5,-0.0020148637805148706,-0.001479102531062836,-0.0005357612494520346,-0.0022148637805148707,-0.0007357612494520347,0.2,0.0002,0.2,0.15071528349035646
2023-02-13,69,5,-0.00026166437768246895,0.0012110215381111824,-0.0014726859157936515,-0.00046166437768246893,-0.0016726859157936513,0.2,0.0002,0.2,-0.004272950412687493
2023-02-14,69,5,-0.0008352627542221259,0.0020278127305683206,-0.0028630754847904466,-0.0010352627542221258,-0.0030630754847904467,0.2,0.0002,0.2,0.016848725434197576
2023-02-15,69,5,0.0038772365124950655,0.0016140833383368938,0.0022631531741581718,0.0034772365124950654,0.0018631531741581716,0.4,0.0004,0.2,-0.3642183817137177
2023-02-16,69,5,0.005921534849012731,0.0030730088022019575,0.0028485260468107732,0.005521534849012731,0.002448526046810773,0.4,0.0004,0.2,-0.027380014907382844
2023-02-17,70,5,0.0020331658710034885,0.003362031657166567,-0.0013288657861630785,0.0018331658710034884,-0.0015288657861630786,0.2,0.0002,0.2,-0.26593114067700085
2023-02-20,70,5,0.002047601369196941,-0.0013946090111625366,0.0034422103803594777,0.0018476013691969407,0.003242210380359477,0.2,0.0002,0.4,-0.2825613603177537
2023-02-21,70,5,-0.0017277286417334413,-0.0016607004546893706,-6.702818704407078e-05,-0.0019277286417334414,-0.00026702818704407087,0.2,0.0002,0.4,-0.17905826872266672
2023-02-22,70,5,0.0025336111585753285,0.002135011695118981,0.00039859946345634743,0.0023336111585753284,0.00019859946345634734,0.2,0.0002,0.4,-0.048195266040501394
2023-02-23,70,5,0.003579738463949074,0.0026729522389394612,0.0009067862250096126,0.003379738463949074,0.0007067862250096126,0.2,0.0002,0.2,-0.31916366947894304
2023-02-24,70,5,0.006700164070301273,0.005190028083238619,0.001510135987062654,0.006500164070301274,0.0013101359870626543,0.2,0.0002,0.4,-0.18629123164620864
2023-02-27,70,5,0.00792800119213231,0.004904065421157209,0.0030239357709751016,0.007728001192132311,0.002823935770975102,0.2,0.0002,0.2,-0.2691510359378668
2023-02-28,70,5,-0.00227558152251913,0.0006820383150675232,-0.002957619837586653,-0.00247558152251913,-0.003157619837586653,0.2,0.0002,0.4,-0.17918944161280415
2023-03-01,70,5,-0.0028939935644016223,-0.001990845987607814,-0.0009031475767938084,-0.0030939935644016224,-0.0011031475767938085,0.2,0.0002,0.2,-0.26801721526214095
2023-03-02,70,5,-0.0030635291868131055,-0.0032539692822624506,0.0001904400954493451,-0.0034635291868131057,-0.00020955990455065509,0.4,0.0004,0.2,0.4265698594203826
2023-03-03,70,5,-0.0068400407513217005,-0.007282889032475866,0.0004428482811541651,-0.0070400407513217,0.00024284828115416542,0.2,0.0002,0.2,0.17377685109388352
2023-03-06,70,5,-0.002078146748660865,-0.004187864873817365,0.0021097181251565,-0.002078146748660865,0.0021097181251565,0.0,0.0,0.2,0.17151048618839226
2023-03-07,70,5,0.003980712836569374,-0.002603373390831324,0.0065840862274006975,0.0037807128365693735,0.006384086227400698,0.2,0.0002,0.2,0.09437883941822989
2023-03-08,70,5,0.004274553568658459,-0.0018190245550351383,0.006093578123693598,0.00407455356865846,0.005893578123693598,0.2,0.0002,0.2,-0.017296085498951896
2023-03-09,70,5,0.0022931727159210304,-0.0028280772868666615,0.005121250002787692,0.0022931727159210304,0.005121250002787692,0.0,0.0,0.2,-0.006450312466501629
2023-03-10,70,5,0.008959259678162064,0.0008968175086272193,0.008062442169534844,0.008959259678162064,0.008062442169534844,0.0,0.0,0.2,-0.010417913440619486
2023-03-13,70,5,0.004654829078682336,-0.0029813668970860327,0.007636195975768369,0.004454829078682336,0.0074361959757683685,0.2,0.0002,0.2,0.6066038926821307
2023-03-14,71,5,0.003977029901811356,-0.0008857402824790746,0.00486277018429043,0.003977029901811356,0.00486277018429043,0.0,0.0,0.2,0.6228462167200632
2023-03-15,71,5,0.002367185981597473,-0.0013626538933848716,0.003729839874982345,0.002167185981597473,0.0035298398749823443,0.2,0.0002,0.2,-0.013710146147662527
2023-03-16,71,5,0.005329632619944502,0.0021460707863713156,0.0031835618335731863,0.005329632619944502,0.0031835618335731863,0.0,0.0,0.2,-0.012736037787771437
2023-03-17,71,5,0.0019038022728701208,0.00044399549816796823,0.0014598067747021526,0.0019038022728701208,0.0014598067747021526,0.0,0.0,0.2,-0.007048825807558501
2023-03-20,71,5,0.0016937812200303482,0.0014398550208776094,0.0002539261991527388,0.0014937812200303481,5.392619915273872e-05,0.2,0.0002,0.4,0.05321435579827494
2023-03-21,71,5,0.011267309609955789,0.0010235782065924153,0.010243731403363373,0.011067309609955788,0.010043731403363372,0.2,0.0002,0.2,0.153265288595815
2023-03-22,71,5,0.008608103492326116,0.0003349208958764069,0.00827318259644971,0.008608103492326116,0.00827318259644971,0.0,0.0,0.2,0.1648938324044913
2023-03-23,71,5,0.010315884803519245,0.0010041769909694938,0.009311707812549752,0.010315884803519245,0.009311707812549752,0.0,0.0,0.2,0.1669972678292453
2023-03-24,71,5,0.010116116966122394,0.0030797103681414195,0.007036406597980974,0.010116116966122394,0.007036406597980974,0.0,0.0,0.2,0.17493290214024526
2023-03-27,71,5,0.013166683878689267,0.004139073557182051,0.009027610321507215,0.013166683878689267,0.009027610321507215,0.0,0.0,0.2,0.1713246775647157
2023-03-28,71,5,0.006333673301048055,0.004510902170649784,0.0018227711303982711,0.006333673301048055,0.0018227711303982711,0.0,0.0,0.2,0.20163298050734113
2023-03-29,71,5,0.008961870734391622,0.005327661991013237,0.0036342087433783856,0.008761870734391622,0.003434208743378385,0.2,0.0002,0.2,0.05056290746025027
2023-03-30,73,5,0.006902947216251784,0.004385731950286065,0.0025172152659657197,0.006902947216251784,0.0025172152659657197,0.0,0.0,0.2,0.05953167934876191
2023-03-31,74,5,0.001829416407185196,0.0026642220421387,-0.0008348056349535039,0.001629416407185196,-0.001034805634953504,0.2,0.0002,0.2,0.275426059648332
2023-04-03,74,5,0.004439702440102202,0.0031026796753366526,0.0013370227647655497,0.004239702440102203,0.00113702276476555,0.2,0.0002,0.2,0.04902317612894436
2023-04-04,74,5,0.002210976279278358,0.0024349562954427595,-0.00022398001616440134,0.002210976279278358,-0.00022398001616440134,0.0,0.0,0.2,0.0580527148546679
2023-04-06,74,5,0.0033598965660194846,0.0017283072879863619,0.0016315892780331227,0.0031598965660194845,0.0014315892780331226,0.2,0.0002,0.2,0.1722188318380553
2023-04-07,74,5,0.00610649861674419,0.001471891584222133,0.004634607032522057,0.00610649861674419,0.004634607032522057,0.0,0.0,0.2,0.162953261064132
2023-04-10,74,5,0.00556309057083312,0.0039584042311764265,0.0016046863396566935,0.00536309057083312,0.0014046863396566939,0.2,0.0002,0.2,0.2142109414735991
2023-04-11,74,5,0.004887475836498516,0.0034200139980325337,0.0014674618384659822,0.004687475836498516,0.0012674618384659825,0.2,0.0002,0.2,0.17532078543740326
2023-04-12,74,5,0.0034000731429643287,0.001112392344209042,0.002287680798755287,0.0034000731429643287,0.002287680798755287,0.0,0.0,0.2,0.1747132831525029
2023-04-13,74,5,0.0006812076520322652,0.0001936846790290756,0.0004875229730031896,0.0004812076520322652,0.0002875229730031896,0.2,0.0002,0.2,0.3547582397837168
2023-04-14,74,5,-0.004423885627111224,-0.0037219806798492205,-0.0007019049472620034,-0.004823885627111224,-0.0011019049472620035,0.4,0.0004,0.4,-0.13273687597180484
2023-04-17,74,5,-0.007117855560044614,-0.00822000432983676,0.0011021487697921457,-0.007517855560044614,0.0007021487697921455,0.4,0.0004,0.2,-0.12413818057651582
2023-04-18,75,5,0.0020466105585795935,-0.008537952152118238,0.010584562710697831,0.0016466105585795936,0.010184562710697832,0.4,0.0004,0.2,-0.3273452572329294
2023-04-19,75,5,0.004516790050676032,-0.006335775838124778,0.010852565888800809,0.004316790050676032,0.01065256588880081,0.2,0.0002,0.2,-0.2517681888207246
2023-04-20,75,5,0.0058804580952322326,-0.004106910878091672,0.009987368973323904,0.005680458095232233,0.009787368973323905,0.2,0.0002,0.2,-0.43883398708931054
2023-04-21,75,5,0.007259341400350961,0.0003000477964919034,0.0069592936038590575,0.007259341400350961,0.0069592936038590575,0.0,0.0,0.2,-0.4292958312228734
2023-04-24,74,5,0.009437472395296695,0.0036177508880054386,0.005819721507291257,0.009237472395296695,0.005619721507291256,0.2,0.0002,0.2,-0.3541286251259237
2023-04-25,74,5,0.01065819719910542,0.0035835630017494206,0.007074634197356,0.01045819719910542,0.006874634197356,0.2,0.0002,0.2,-0.02983746610747673
2023-04-26,74,5,0.00944874521552567,0.006193536660732622,0.003255208554793048,0.00944874521552567,0.003255208554793048,0.0,0.0,0.2,-0.001894140880331463
2023-04-27,74,5,0.0023766164059876747,0.0035608301588253887,-0.001184213752837714,0.0021766164059876746,-0.001384213752837714,0.2,0.0002,0.2,0.17759582225391313
2023-04-28,74,5,-0.0004749498854941381,0.0012622406579876821,-0.0017371905434818203,-0.0004749498854941381,-0.0017371905434818203,0.0,0.0,0.2,0.1766536573682913
2023-05-04,74,5,-0.007181778179472706,-0.0011692866031172556,-0.0060124915763554495,-0.007181778179472706,-0.0060124915763554495,0.0,0.0,0.2,0.18428709788028996
2023-05-05,74,5,-0.00811099729404052,-0.00281542395839799,-0.005295573335642529,-0.00831099729404052,-0.0054955733356425295,0.2,0.0002,0.2,0.323235317013431
2023-05-08,74,5,-0.006397770763386608,-0.0035000713813420556,-0.0028976993820445524,-0.006597770763386608,-0.003097699382044552,0.2,0.0002,0.2,0.388079613949845
2023-05-09,74,5,-0.00231818706648848,-0.0028082743775569596,0.0004900873110684797,-0.00251818706648848,0.00029008731106847964,0.2,0.0002,0.2,0.5241943044963016
2023-05-10,74,5,-0.001048883385650048,-0.0017400868454368833,0.0006912034597868354,-0.001248883385650048,0.0004912034597868353,0.2,0.0002,0.2,0.4753837350390171
2023-05-11,74,5,0.002190713595881797,-0.0009850954149049742,0.003175809010786771,0.001990713595881797,0.002975809010786771,0.2,0.0002,0.2,0.4707820566567946
2023-05-12,74,5,0.002888587345180422,0.0004976640015213207,0.0023909233436591017,0.002688587345180422,0.002190923343659101,0.2,0.0002,0.2,0.4648741996307706
2023-05-15,74,5,-0.0018194924529381005,-0.0005591447460715199,-0.0012603477068665807,-0.0020194924529381006,-0.0014603477068665808,0.2,0.0002,0.2,0.2811148063376585
2023-05-16,74,5,-0.005095111064152969,-0.0028641367742107374,-0.0022309742899422314,-0.005095111064152969,-0.0022309742899422314,0.0,0.0,0.2,0.2813475735311748
2023-05-17,74,5,-0.0062985562757726125,-0.004920517323677999,-0.001378038952094614,-0.006498556275772612,-0.0015780389520946136,0.2,0.0002,0.2,0.3774091668319812
2023-05-18,74,5,-0.005218125154221851,-0.004634599918043459,-0.0005835252361783925,-0.005418125154221851,-0.0007835252361783921,0.2,0.0002,0.2,0.5085155691221601
2023-05-19,74,5,-0.001968155387746089,-0.002720719249250566,0.0007525638615044771,-0.002168155387746089,0.000552563861504477,0.2,0.0002,0.2,0.3661620667359742
2023-05-22,74,5,-0.0016616042764026995,-0.003763795516644697,0.0021021912402419975,-0.0016616042764026995,0.0021021912402419975,0.0,0.0,0.2,0.36265709558603376
2023-05-23,74,5,-0.0018212202776199372,-0.0014614076913355175,-0.0003598125862844196,-0.0020212202776199372,-0.0005598125862844197,0.2,0.0002,0.2,0.4445346376301593
2023-05-24,74,5,0.00016191285695214662,0.00020286018326496767,-4.0947326312821056e-05,-3.808714304785339e-05,-0.00024094732631282107,0.2,0.0002,0.2,0.23149792761041255
2023-05-25,74,5,-0.0006114385557918966,-0.0006406114699526192,2.917291416072254e-05,-0.0006114385557918966,2.917291416072254e-05,0.0,0.0,0.2,0.23947354628737116
2023-05-26,74,5,-0.004810971644695216,0.00032390056480400577,-0.005134872209499222,-0.005010971644695216,-0.005334872209499222,0.2,0.0002,0.2,-0.1425440888025662
2023-05-29,74,5,-0.0007292789928128806,-0.00026284301654664455,-0.00046643597626623605,-0.0009292789928128806,-0.000666435976266236,0.2,0.0002,0.2,-0.06996397903248663
2023-05-30,74,5,0.002385743206598003,-0.0014888421748886235,0.003874585381486627,0.002185743206598003,0.0036745853814866263,0.2,0.0002,0.2,0.18983141714748442
2023-05-31,74,5,0.002367723353814637,-0.0008891859344963829,0.0032569092883110197,0.002367723353814637,0.0032569092883110197,0.0,0.0,0.2,0.19558761918082013
2023-06-01,74,5,0.003662340257734749,0.0012812731496651656,0.0023810671080695834,0.003462340257734749,0.0021810671080695833,0.2,0.0002,0.2,0.3018590826608758
2023-06-02,74,5,0.0021380322589788347,0.00035825312771331556,0.001779779131265519,0.0021380322589788347,0.001779779131265519,0.0,0.0,0.2,0.2977250258180639
2023-06-05,74,5,0.004967581103616121,0.0002746171080939504,0.004692963995522171,0.004767581103616122,0.004492963995522172,0.2,0.0002,0.2,-0.02006182237336418
2023-06-06,74,5,0.005850376244118562,0.0023087954291904087,0.0035415808149281535,0.005450376244118562,0.0031415808149281533,0.4,0.0004,0.2,0.29487031203924374
2023-06-07,74,5,0.0048585193245932025,0.0030034909747674336,0.001855028349825769,0.004658519324593203,0.0016550283498257693,0.2,0.0002,0.2,0.13473533686288874
2023-06-08,74,5,0.0066787958546768635,0.0038161316960060054,0.002862664158670858,0.006478795854676864,0.0026626641586708585,0.2,0.0002,0.2,-0.5592996498091338
2023-06-09,74,5,0.0029969655630721005,0.0036450624460441796,-0.000648096882972079,0.0029969655630721005,-0.000648096882972079,0.0,0.0,0.2,-0.5493749949601163
2023-06-12,74,5,0.005307233573675773,0.003753152006208244,0.0015540815674675293,0.005107233573675774,0.0013540815674675296,0.2,0.0002,0.2,0.05170228006329225
2023-06-13,74,5,0.009135872984707851,0.003004910739059948,0.006130962245647903,0.008935872984707851,0.005930962245647903,0.2,0.0002,0.2,0.3128894802593045
2023-06-14,74,5,0.016728163630340027,0.0005486014080936987,0.016179562222246327,0.016328163630340026,0.01577956222224633,0.4,0.0004,0.2,-0.45139809298578193
2023-06-15,74,5,0.006753918957521807,-0.0034070784050026746,0.01016099736252448,0.006553918957521807,0.009960997362524482,0.2,0.0002,0.2,-0.5284014781902968
2023-06-16,74,5,0.0045870552887045685,-0.002384255987781433,0.006971311276486002,0.004387055288704569,0.006771311276486002,0.2,0.0002,0.2,0.12540131401349797
2023-06-19,74,5,-0.0020675386540397736,-0.0016565616239113813,-0.00041097703012839227,-0.0020675386540397736,-0.00041097703012839227,0.0,0.0,0.2,0.15014823289023482
2023-06-20,74,5,-0.0023226881811325263,-0.001678496166816076,-0.0006441920143164504,-0.0023226881811325263,-0.0006441920143164504,0.0,0.0,0.2,0.15149301689323735
2023-06-21,74,5,-0.0012898473003208721,0.0010247922879293547,-0.0023146395882502266,-0.0014898473003208722,-0.002514639588250227,0.2,0.0002,0.2,-0.046313997161220755
2023-06-26,74,5,-0.00042887427580707183,0.00503695044538599,-0.005465824721193062,-0.0006288742758070718,-0.005665824721193062,0.2,0.0002,0.2,0.1651436852688235
2023-06-27,74,5,0.0005843037094613957,0.002507394839132207,-0.0019230911296708112,0.0003843037094613957,-0.002123091129670811,0.2,0.0002,0.2,0.8405136673953422
2023-06-28,74,5,0.003780590860620405,0.0012070199200168755,0.00257357094060353,0.003380590860620405,0.0021735709406035296,0.4,0.0004,0.2,0.008012424629956882
2023-06-29,74,5,0.0019415078263953188,0.0004849040013960777,0.0014566038249992411,0.0019415078263953188,0.0014566038249992411,0.0,0.0,0.2,0.013305375149293752
2023-06-30,74,5,-0.004204726797252918,-0.0004954495775172559,-0.003709277219735662,-0.004604726797252918,-0.0041092772197356625,0.4,0.0004,0.2,-0.3667707189730329
2023-07-03,74,5,-0.004631165886961277,-0.0016989449502688575,-0.002932220936692419,-0.005031165886961277,-0.0033322209366924193,0.4,0.0004,0.2,0.2757782234576105
2023-07-04,74,5,-0.001285218152937988,-0.00036016693653712106,-0.000925051216400867,-0.001285218152937988,-0.000925051216400867,0.0,0.0,0.2,0.2803516028983033
2023-07-05,74,5,0.0004130311047690816,-0.0004848303127766902,0.0008978614175457718,0.0004130311047690816,0.0008978614175457718,0.0,0.0,0.2,0.2659429720485562
2023-07-06,74,5,0.001344568796337864,0.0031997818520103014,-0.0018552130556724375,0.0011445687963378638,-0.0020552130556724373,0.2,0.0002,0.2,0.16421724188844067
2023-07-07,74,5,0.004880767020053227,0.003543477018669152,0.0013372900013840748,0.004680767020053227,0.0011372900013840751,0.2,0.0002,0.2,0.20578795093679858
2023-07-10,74,5,0.003319407134909787,0.0021547402857044675,0.0011646668492053193,0.003319407134909787,0.0011646668492053193,0.0,0.0,0.2,0.2124285069331826
2023-07-11,74,5,-0.000230516112754251,0.0010804353043263046,-0.0013109514170805557,-0.000230516112754251,-0.0013109514170805557,0.0,0.0,0.2,0.219516534414673
2023-07-12,74,5,0.005569859952566771,0.0021874414514553974,0.0033824185011113736,0.005369859952566771,0.003182418501111374,0.2,0.0002,0.2,0.2717386722983548
2023-07-13,74,5,-0.00343766529829244,-0.0017204940289361735,-0.0017171712693562666,-0.0036376652982924402,-0.0019171712693562667,0.2,0.0002,0.2,0.19405538960644364
2023-07-14,74,5,-0.0036476801475037444,-0.0020693350660535023,-0.001578345081450242,-0.0038476801475037445,-0.0017783450814502421,0.2,0.0002,0.2,0.4727102960627896
2023-07-17,74,5,-0.003282940756189858,-0.0017745005905631828,-0.0015084401656266751,-0.003482940756189858,-0.0017084401656266752,0.2,0.0002,0.2,-0.3208917268011575
2023-07-18,74,5,-0.002849500920330903,0.0015585624228342692,-0.004408063343165172,-0.0032495009203309033,-0.004808063343165173,0.4,0.0004,0.2,0.7481314777340771
2023-07-19,74,5,-0.0007157006373920494,0.0013104557500578796,-0.0020261563874499292,-0.0009157006373920494,-0.002226156387449929,0.2,0.0002,0.2,0.43118530370328756
2023-07-20,74,5,-0.004429389838369798,0.0023539585263251178,-0.006783348364694916,-0.0046293898383697974,-0.006983348364694915,0.2,0.0002,0.2,-0.05358211095250809
2023-07-21,74,5,-0.004193023026410971,0.005755272373227862,-0.009948295399638834,-0.004393023026410971,-0.010148295399638834,0.2,0.0002,0.2,-0.28577025143548695
2023-07-24,74,5,-0.0031897596942227005,0.00696975594785443,-0.01015951564207713,-0.0033897596942227006,-0.01035951564207713,0.2,0.0002,0.4,0.019993910004167503
2023-07-25,74,5,-0.002844645940331763,0.003134148622895338,-0.005978794563227101,-0.003044645940331763,-0.006178794563227101,0.2,0.0002,0.4,-0.2197881136977795
2023-07-26,74,5,-0.00040517806997797834,0.0018411876225395637,-0.002246365692517542,-0.0006051780699779783,-0.0024463656925175423,0.2,0.0002,0.4,-0.20328540042853938
2023-07-27,74,5,0.0016378778838693497,0.0036671819908654516,-0.002029304106996102,0.0016378778838693497,-0.002029304106996102,0.0,0.0,0.4,-0.20819965086734982
2023-07-28,74,5,0.00383530919813162,0.0008854511595128586,0.0029498580386187615,0.0034353091981316197,0.0025498580386187613,0.4,0.0004,0.2,0.04225511121413916
2023-07-31,74,5,0.0021004471475065322,-0.0011702362911720208,0.003270683438678553,0.0015004471475065322,0.0026706834386785528,0.6000000000000001,0.0006000000000000001,0.2,0.15176211839533238
2023-08-01,74,5,0.0007424604804331114,-0.0009888101138257111,0.0017312705942588225,0.0005424604804331114,0.0015312705942588226,0.2,0.0002,0.2,0.26870149731442794
2023-08-02,74,5,-0.0028289325653924236,-0.0005176708792237132,-0.0023112616861687106,-0.0032289325653924237,-0.002711261686168711,0.4,0.0004,0.2,-0.11026871346974687
2023-08-03,74,5,-0.0006693952539917847,-0.0009192649281991397,0.000249869674207355,-0.0010693952539917847,-0.0001501303257926451,0.4,0.0004,0.2,0.3296216247176069
2023-08-04,74,5,-0.005826528681304706,-0.005237905186309236,-0.0005886234949954699,-0.0062265286813047065,-0.00098862349499547,0.4,0.0004,0.2,-0.012747430611501187
2023-08-07,74,5,-0.006823670604320613,-0.004151886879731452,-0.002671783724589161,-0.007023670604320613,-0.0028717837245891605,0.2,0.0002,0.2,0.16423335309889708
2023-08-08,74,5,-0.004567493069523412,-0.0044799173055164055,-8.757576400700642e-05,-0.004767493069523412,-0.0002875757640070061,0.2,0.0002,0.2,0.219002451635113
2023-08-09,74,5,-0.007239930544448776,-0.0050311659238458754,-0.002208764620602901,-0.0076399305444487765,-0.002608764620602901,0.4,0.0004,0.2,0.002883749721306117
2023-08-10,74,5,-0.007356135834330671,-0.004727791859445952,-0.002628343974884719,-0.007356135834330671,-0.002628343974884719,0.0,0.0,0.2,0.0005439641693349984
2023-08-11,74,5,-0.005682420455856039,-0.002951756872854948,-0.0027306635830010913,-0.005882420455856039,-0.002930663583001091,0.2,0.0002,0.2,0.12264703867462856
2023-08-14,74,5,-0.007489643203013511,-0.005519849561999595,-0.0019697936410139165,-0.007489643203013511,-0.0019697936410139165,0.0,0.0,0.2,0.11679963704893837
2023-08-15,74,5,-0.007596917481599959,-0.0033307597901834907,-0.004266157691416468,-0.007996917481599959,-0.004666157691416468,0.4,0.0004,0.2,-0.10145171984997248
2023-08-16,74,5,-0.009796070254739116,-0.004730810763482799,-0.005065259491256317,-0.009996070254739116,-0.005265259491256317,0.2,0.0002,0.2,-0.0033675023501373857
2023-08-17,74,5,-0.008468261428561101,-0.005377417971176537,-0.0030908434573845636,-0.0088682614285611,-0.003490843457384563,0.4,0.0004,0.4,0.09511155544365835
2023-08-18,74,5,-0.0054147927418534934,-0.003896778143090197,-0.0015180145987632966,-0.006014792741853493,-0.0021180145987632964,0.6000000000000001,0.0006000000000000001,0.2,0.3073310948883403
2023-08-21,74,5,0.0034746089061886607,0.0013741372733800635,0.002100471632808597,0.0030746089061886605,0.001700471632808597,0.4,0.0004,0.2,0.15962995150355397
2023-08-22,74,5,0.007225114717232417,0.0007624469974981862,0.006462667719734231,0.006625114717232417,0.005862667719734231,0.6000000000000001,0.0006000000000000001,0.2,0.2900050419631235
2023-08-23,74,5,0.005495888491532397,0.003559153671808912,0.0019367348197234851,0.005095888491532397,0.001536734819723485,0.4,0.0004,0.2,-0.265639304096176
2023-08-24,74,5,0.005636852778316484,0.0019423106118123753,0.0036945421665041086,0.005436852778316484,0.003494542166504109,0.2,0.0002,0.2,-0.4649997808760773
2023-08-25,74,5,0.0072372594453946615,0.004140774053330448,0.003096485392064213,0.007037259445394662,0.0028964853920642134,0.2,0.0002,0.2,-0.2530369960287615
2023-08-28,74,5,0.0020211747541396584,0.003902217725342553,-0.0018810429712028945,0.0018211747541396583,-0.0020810429712028945,0.2,0.0002,0.2,0.06880535857002101
2023-08-29,74,5,0.0008378699022027547,0.0019432939908745968,-0.0011054240886718423,0.0006378699022027547,-0.0013054240886718421,0.2,0.0002,0.2,-0.342836155264731
2023-08-30,74,5,-0.0007661482552625864,0.0016053749341102968,-0.002371523189372883,-0.0007661482552625864,-0.002371523189372883,0.0,0.0,0.2,-0.3406786685335028
2023-08-31,74,5,-0.003613464001552558,0.00020304731740961938,-0.0038165113189621773,-0.004013464001552558,-0.004216511318962177,0.4,0.0004,0.2,0.07681068648332712
2023-09-01,74,5,-0.0028695353876381936,-0.0016491087778587534,-0.0012204266097794402,-0.0030695353876381937,-0.0014204266097794403,0.2,0.0002,0.2,-0.15373140164366816
2023-09-04,74,5,-0.003914764120552196,-0.001900462153423952,-0.0020143019671282443,-0.004314764120552196,-0.0024143019671282444,0.4,0.0004,0.2,0.049478476700198115
2023-09-05,74,5,-0.0035573179953681186,-0.0013377759794249062,-0.0022195420159432126,-0.003957317995368119,-0.0026195420159432128,0.4,0.0004,0.2,0.3154857655144845
2023-09-06,74,5,-0.005084908360255538,-0.0018140336402246299,-0.003270874720030908,-0.005284908360255538,-0.003470874720030908,0.2,0.0002,0.2,0.2624451550017852
2023-09-07,74,5,-0.003932769282441248,0.0011117091562007591,-0.005044478438642008,-0.004132769282441248,-0.005244478438642007,0.2,0.0002,0.2,0.31826582774336387
2023-09-08,74,5,-0.0036508886518493307,0.00037561666195314177,-0.004026505313802472,-0.003850888651849331,-0.004226505313802473,0.2,0.0002,0.2,0.43265674154083555
2023-09-11,74,5,-0.005946702900324237,-0.0013713568878943245,-0.004575346012429912,-0.006146702900324237,-0.004775346012429912,0.2,0.0002,0.2,0.24301000678189766
2023-09-12,74,5,-0.003507355511068329,-0.0013080217100681524,-0.0021993338010001763,-0.003907355511068329,-0.0025993338010001765,0.4,0.0004,0.2,0.5243631178504629
2023-09-13,74,5,-0.0021919242751234245,-0.0013656341669984581,-0.0008262901081249664,-0.0023919242751234246,-0.0010262901081249665,0.2,0.0002,0.2,0.42981501500495867
2023-09-14,74,5,-0.0037635669465274817,-0.003266927437765551,-0.0004966395087619307,-0.004163566946527482,-0.0008966395087619309,0.4,0.0004,0.2,0.3761775925588573
2023-09-15,74,5,-0.002128330052622589,-4.415140000899478e-05,-0.002084178652613594,-0.002128330052622589,-0.002084178652613594,0.0,0.0,0.2,0.3854479341523067
2023-09-18,74,5,-0.0011633712663575491,-0.0013091264918575823,0.00014575522550003316,-0.0013633712663575492,-5.424477449996693e-05,0.2,0.0002,0.2,0.7408876097162391
2023-09-19,74,5,-0.00200951363334414,-0.001956962981724523,-5.255065161961694e-05,-0.00220951363334414,-0.00025255065161961703,0.2,0.0002,0.2,0.39272190585332467
2023-09-20,74,5,0.0010850859685069604,-0.0006385057600977586,0.001723591728604719,0.0006850859685069604,0.001323591728604719,0.4,0.0004,0.2,0.09172709638109211
2023-09-21,74,5,0.0021189276297169314,0.0003304329842628652,0.0017884946454540663,0.0019189276297169313,0.0015884946454540663,0.2,0.0002,0.2,0.42081375251542497
2023-09-22,74,5,-0.0004236262532733859,-0.0019958607828113165,0.0015722345295379307,-0.0006236262532733859,0.0013722345295379306,0.2,0.0002,0.2,0.36113138535807465
2023-09-25,74,5,0.00012454864523054888,-0.002481221503436315,0.002605770148666864,-0.0004754513547694512,0.0020057701486668636,0.6000000000000001,0.0006000000000000001,0.2,0.5417846090877703
2023-09-26,74,5,0.00016108489778468904,-0.002338397444702254,0.0024994823424869432,0.00016108489778468904,0.0024994823424869432,0.0,0.0,0.2,0.5461245581036138
2023-09-27,74,5,-0.001422109516619039,-0.0009833327181836794,-0.0004387767984353596,-0.001622109516619039,-0.0006387767984353597,0.2,0.0002,0.2,0.5213346218259893
2023-09-28,74,5,-0.0019395842502334126,-0.002574383122642945,0.0006347988724095322,-0.0021395842502334125,0.00043479887240953233,0.2,0.0002,0.2,0.8147844250391856
2023-10-09,74,5,-0.004374963651269966,-0.003226291508183159,-0.001148672143086807,-0.0045749636512699655,-0.0013486721430868067,0.2,0.0002,0.2,0.33872866539747903
2023-10-10,74,5,-0.0018637625000484537,-0.0012790906274569565,-0.0005846718725914973,-0.0018637625000484537,-0.0005846718725914973,0.0,0.0,0.2,0.3388267469736945
2023-10-11,74,5,-0.005884596652364978,-0.0027640122810910586,-0.003120584371273919,-0.006084596652364977,-0.003320584371273919,0.2,0.0002,0.2,0.17491981447649607
2023-10-12,74,5,-0.00733713899078781,-0.0075751515477234434,0.00023801255693563315,-0.00753713899078781,3.801255693563349e-05,0.2,0.0002,0.2,0.016606749028987622
2023-10-13,74,5,-0.010174656989867784,-0.006920817604919459,-0.0032538393849483246,-0.010374656989867784,-0.003453839384948325,0.2,0.0002,0.2,0.3079180157710155
2023-10-16,74,5,-0.010931117354487374,-0.009015521271736087,-0.001915596082751287,-0.011131117354487375,-0.0021155960827512876,0.2,0.0002,0.2,-0.12691973838307113
2023-10-17,74,5,-0.011051695552096046,-0.00829637485272314,-0.0027553206993729054,-0.011251695552096047,-0.002955320699372906,0.2,0.0002,0.2,-0.35027875399976693
2023-10-18,74,5,-0.005703937704707753,-0.004513744885769253,-0.0011901928189385,-0.005903937704707753,-0.0013901928189384996,0.2,0.0002,0.2,-0.14801455682666287
2023-10-19,74,5,0.00390394470370373,-0.00015507358691790933,0.00405901829062164,0.00370394470370373,0.0038590182906216393,0.2,0.0002,0.2,-0.3608664592012758
2023-10-20,74,5,0.0063151941690013525,0.003714724380827756,0.0026004697881735965,0.006115194169001353,0.002400469788173597,0.2,0.0002,0.2,-0.14378881768119633
2023-10-23,74,5,0.010955846035656495,0.007078884004506823,0.0038769620311496717,0.010755846035656495,0.003676962031149671,0.2,0.0002,0.2,-0.36290874406278384
2023-10-24,74,5,0.01010393947662994,0.005514738537900054,0.004589200938729885,0.01010393947662994,0.004589200938729885,0.0,0.0,0.2,-0.3672779925968239
2023-10-25,74,5,0.006230435756806689,0.0031996663746999346,0.0030307693821067542,0.006030435756806689,0.0028307693821067546,0.2,0.0002,0.2,-0.4184935464937851
2023-10-26,74,5,0.0019322064983107532,0.0009780382381622196,0.0009541682601485336,0.0017322064983107531,0.0007541682601485335,0.2,0.0002,0.2,-0.3165417603972358
2023-10-27,74,5,0.003146305779082881,-0.0005477093567726722,0.003694015135855553,0.0027463057790828808,0.003294015135855553,0.4,0.0004,0.2,0.19677819709453814
2023-10-30,74,5,0.00430023259845711,0.0005712850858287118,0.003728947512628398,0.00410023259845711,0.0035289475126283982,0.2,0.0002,0.2,0.35974317561651503
2023-10-31,74,5,0.0023139899392715345,0.00024334487790199973,0.0020706450613695348,0.0023139899392715345,0.0020706450613695348,0.0,0.0,0.2,0.3659405092464283
2023-11-01,74,5,0.0025769914112273983,-0.00016655142657099963,0.002743542837798398,0.002176991411227398,0.0023435428377983976,0.4,0.0004,0.2,0.30601240205005453
2023-11-02,74,5,0.0033962679756977996,0.0015782149827923628,0.0018180529929054368,0.0031962679756977995,0.0016180529929054367,0.2,0.0002,0.2,0.6154475542393811
2023-11-03,74,5,0.0009659814303814995,-0.00020576076147295545,0.001171742191854455,0.0005659814303814994,0.0007717421918544549,0.4,0.0004,0.2,0.13358399360938833
2023-11-06,74,5,-0.0013996891715609605,-0.0013370706435806266,-6.26185279803339e-05,-0.0017996891715609605,-0.00046261852798033386,0.4,0.0004,0.2,0.3109541501020985
2023-11-07,74,5,-0.002518199487767254,-0.0006086973256720582,-0.001909502162095196,-0.0027181994877672542,-0.002109502162095196,0.2,0.0002,0.2,0.46868661014782376
2023-11-08,74,5,-0.0010532870850541933,0.0015471624854255267,-0.0026004495704797202,-0.0014532870850541932,-0.00300044957047972,0.4,0.0004,0.2,0.40149179538758517
2023-11-09,74,5,-0.0020830448142945502,-0.0004869388531688324,-0.0015961059611257179,-0.0022830448142945503,-0.001796105961125718,0.2,0.0002,0.2,-0.024782023068372183
2023-11-10,74,5,-0.002515483817901165,2.7795237209082537e-05,-0.0025432790551102474,-0.002915483817901165,-0.0029432790551102476,0.4,0.0004,0.2,0.5073754047718353
2023-11-13,74,5,-0.0015741084113505897,0.0006035320421546861,-0.0021776404535052757,-0.00197410841135059,-0.002577640453505276,0.4,0.0004,0.2,0.11825946925909747
2023-11-14,74,5,0.001013383443722877,0.0005271961051983399,0.0004861873385245372,0.0008133834437228771,0.0002861873385245372,0.2,0.0002,0.2,0.27875630818605757
2023-11-15,74,5,-0.0012111257427282317,-0.0021965129882758386,0.0009853872455476069,-0.0012111257427282317,0.0009853872455476069,0.0,0.0,0.2,0.28011878503143706
2023-11-16,74,5,0.0011086041196036688,0.000478165653927878,0.0006304384656757908,0.0009086041196036688,0.0004304384656757908,0.2,0.0002,0.2,0.11047450442805484
2023-11-17,74,5,-0.0012563162413230966,-0.0006462499902377098,-0.0006100662510853869,-0.0014563162413230967,-0.000810066251085387,0.2,0.0002,0.2,0.12766512558753718
2023-11-20,74,5,-0.0023688263801242737,-0.0020385176759178157,-0.000330308704206458,-0.002768826380124274,-0.0007303087042064582,0.4,0.0004,0.2,0.6053493721294885
2023-11-21,74,5,0.00018264573761457293,-0.0018890605775342246,0.0020717063151487977,-0.00021735426238542709,0.0016717063151487975,0.4,0.0004,0.2,0.21296335176675996
2023-11-22,74,5,0.0007860918008277106,-0.0016624114478514234,0.002448503248679134,0.0005860918008277106,0.002248503248679134,0.2,0.0002,0.2,0.6160650515197261
2023-11-23,74,5,-0.003024879009175079,-0.0021221138678199467,-0.0009027651413551323,-0.003224879009175079,-0.0011027651413551324,0.2,0.0002,0.4,-0.15229751206019948
2023-11-24,74,5,-0.0009061554706131769,-0.0012164452836065682,0.0003102898129933913,-0.0011061554706131768,0.00011028981299339132,0.2,0.0002,0.4,0.5720270065878985
2023-11-27,74,5,0.000273885493044661,-0.001259623874190726,0.001533509367235387,7.3885493044661e-05,0.001333509367235387,0.2,0.0002,0.2,0.3507549407387138
2023-11-28,74,5,-0.003161464418066915,-0.005082733286791374,0.0019212688687244594,-0.003561464418066915,0.0015212688687244592,0.4,0.0004,0.4,-0.06728376633945565
2023-11-29,74,5,-0.0027869361072292522,-0.0040668422856813165,0.0012799061784520642,-0.0029869361072292523,0.0010799061784520642,0.2,0.0002,0.2,0.4466233880484687
2023-11-30,74,5,-0.0007525844810051962,-0.005243757585671722,0.004491173104666526,-0.0007525844810051962,0.004491173104666526,0.0,0.0,0.2,0.4395080998825307
2023-12-01,74,5,0.0003915899860037664,-0.004310480329926778,0.004702070315930545,0.00019158998600376638,0.004502070315930544,0.2,0.0002,0.4,-0.06088888839643403
2023-12-04,74,5,0.0015968293569475112,-0.002587567793745996,0.0041843971506935074,0.001396829356947511,0.003984397150693507,0.2,0.0002,0.2,0.44852520782849226
2023-12-05,74,5,0.007775043299873223,0.0019204991104343767,0.005854544189438846,0.007775043299873223,0.005854544189438846,0.0,0.0,0.2,0.4437641601876372
2023-12-06,74,5,-0.00021090861638896284,-0.0004675303145464962,0.00025662169815753337,-0.00041090861638896285,5.662169815753333e-05,0.2,0.0002,0.4,0.6699187662245301
2023-12-07,74,5,0.0018186466836086536,-0.0005756360302378622,0.002394282713846516,0.0016186466836086535,0.0021942827138465154,0.2,0.0002,0.4,0.08865318022633417
2023-12-08,74,5,-2.3452225203954848e-05,-0.002492102297642507,0.0024686500724385523,-0.00022345222520395486,0.002268650072438552,0.2,0.0002,0.4,0.03839481320640559
2023-12-11,74,5,-0.0030357727905348008,-0.004426648971820819,0.0013908761812860184,-0.0030357727905348008,0.0013908761812860184,0.0,0.0,0.4,0.04453218850856544
2023-12-12,74,5,-0.002986938166112569,-0.005594094337880901,0.002607156171768332,-0.0033869381661125694,0.002207156171768332,0.4,0.0004,0.2,-0.06193519319591445
2023-12-13,74,5,-0.001138771996432868,-0.004925965855865086,0.0037871938594322184,-0.0013387719964328682,0.003587193859432218,0.2,0.0002,0.2,0.1558435482350795
2023-12-14,74,5,-0.0012843385483531432,-0.002973968316539233,0.00168962976818609,-0.0012843385483531432,0.00168962976818609,0.0,0.0,0.2,0.16207094335114647
2023-12-15,74,5,0.001817882796082344,-0.0006778402975240055,0.0024957230936063493,0.0016178827960823439,0.0022957230936063496,0.2,0.0002,0.2,0.11977816070920788
2023-12-18,74,5,0.001816657894620146,0.0007722313736299196,0.0010444265209902264,0.0016166578946201458,0.0008444265209902262,0.2,0.0002,0.4,-0.010604238684262413
2023-12-19,74,5,-0.0021555941019978284,0.00018312726480801308,-0.0023387213668058415,-0.0023555941019978285,-0.0025387213668058416,0.2,0.0002,0.2,0.13798240104740778
2023-12-20,74,5,0.003404867643481109,0.003211876834633634,0.00019299080884747476,0.003204867643481109,-7.009191152525327e-06,0.2,0.0002,0.4,0.07172571274186446
2023-12-21,74,5,0.0011770772333967773,0.00489330403182533,-0.003716226798428553,0.0009770772333967772,-0.0039162267984285525,0.2,0.0002,0.2,0.13568256578138005
2023-12-22,74,5,0.0029158190408557338,0.004499921287593908,-0.0015841022467381746,0.0027158190408557337,-0.0017841022467381747,0.2,0.0002,0.2,-0.04630386536276454
2023-12-25,74,5,0.004511721386248109,0.0032767387408408144,0.0012349826454072944,0.004311721386248109,0.0010349826454072947,0.2,0.0002,0.2,-0.2813076322737569
2023-12-26,74,5,0.006601638328380802,0.0046154712444490325,0.001986167083931769,0.006601638328380802,0.001986167083931769,0.0,0.0,0.2,-0.2806907746185807
2023-12-27,74,5,0.002613277555110884,0.0021351545495419456,0.00047812300556893854,0.002613277555110884,0.00047812300556893854,0.0,0.0,0.2,-0.27101826366665627
2023-12-28,74,5,0.002041996350594242,-0.002324222002898251,0.004366218353492493,0.002041996350594242,0.004366218353492493,0.0,0.0,0.2,-0.28829519337396015
2023-12-29,74,5,0.0023424551998821783,-0.005019103385679917,0.007361558585562096,0.0023424551998821783,0.007361558585562096,0.0,0.0,0.2,-0.27687260417148885
2024-01-02,74,5,0.0006727722990477992,-0.004197113823671202,0.004869886122719001,0.0006727722990477992,0.004869886122719001,0.0,0.0,0.2,-0.27503532146091914
2024-01-03,74,5,-0.0010109057133781407,-0.005073609305287973,0.004062703591909832,-0.0010109057133781407,0.004062703591909832,0.0,0.0,0.2,-0.2710640312004191
2024-01-04,74,5,0.0006553322448901033,-0.003423007131957012,0.004078339376847115,0.0006553322448901033,0.004078339376847115,0.0,0.0,0.2,-0.26886422670977694
2024-01-05,74,5,-0.0003963917716694798,-0.0023804410581710865,0.0019840492865016066,-0.0003963917716694798,0.0019840492865016066,0.0,0.0,0.2,-0.2662658453745763
2024-01-08,74,5,-0.002375773840719688,-4.496016093627801e-05,-0.0023308136797834103,-0.0025757738407196883,-0.0025308136797834104,0.2,0.0002,0.2,-0.3085592487926423
2024-01-09,74,5,-0.000528087886573414,0.0003545454177044348,-0.0008826333042778488,-0.000728087886573414,-0.0010826333042778487,0.2,0.0002,0.2,-0.3049310299854415
2024-01-10,74,5,-0.0020683945115213655,-0.0037724379868075268,0.0017040434752861613,-0.0022683945115213656,0.0015040434752861612,0.2,0.0002,0.2,-0.36945538302246383
2024-01-11,74,5,-0.0006019264509942701,-0.0025056278407381374,0.0019037013897438672,-0.00080192645099427,0.0017037013897438673,0.2,0.0002,0.2,0.23666396482922636
2024-01-12,74,5,0.0012699794553897314,-0.0027076670635506604,0.003977646518940392,0.0010699794553897313,0.0037776465189403915,0.2,0.0002,0.2,-0.004580360132052874
2024-01-15,74,5,-0.004413906516818776,-0.007359512080375173,0.0029456055635563973,-0.004613906516818775,0.0027456055635563976,0.2,0.0002,0.2,0.8366170887724937
2024-01-16,74,5,-0.0014293114667060713,-0.006813599940235282,0.005384288473529211,-0.0016293114667060714,0.005184288473529211,0.2,0.0002,0.2,0.0014474187000033112
2024-01-17,74,5,0.004224308996244912,0.000903102084258232,0.0033212069119866795,0.004024308996244912,0.00312120691198668,0.2,0.0002,0.4,-0.3374003407355648
2024-01-18,74,5,0.002752513784511925,0.00509469114845492,-0.0023421773639429955,0.002552513784511925,-0.0025421773639429956,0.2,0.0002,0.4,0.1316822162786373
2024-01-19,74,5,0.007269338546512838,0.006264382064304813,0.0010049564822080248,0.007069338546512838,0.0008049564822080251,0.2,0.0002,0.2,0.4908556614729811
2024-01-22,74,5,0.0021670968494225387,0.010383954240545824,-0.008216857391123284,0.0019670968494225386,-0.008416857391123285,0.2,0.0002,0.2,0.7086667290536983
2024-01-23,74,5,-0.004322510894880667,0.005151588880437607,-0.009474099775318275,-0.004322510894880667,-0.009474099775318275,0.0,0.0,0.2,0.7062775147193481
2024-01-24,74,5,0.0012279943249038938,-0.0015105439152015537,0.0027385382401054472,0.0010279943249038937,0.0025385382401054476,0.2,0.0002,0.2,1.3227141746032256
2024-01-25,74,5,-0.009920924844497279,-0.007350959787700883,-0.002569965056796396,-0.01012092484449728,-0.0027699650567963967,0.2,0.0002,0.2,0.7011865877113905
2024-01-26,74,5,-0.004833936841639197,-0.010163789344867554,0.005329852503228357,-0.005233936841639197,0.004929852503228357,0.4,0.0004,0.2,0.20193107122054954
2024-01-29,74,5,-0.005320921691396507,-0.01001992930047225,0.004699007609075743,-0.005520921691396507,0.004499007609075743,0.2,0.0002,0.2,0.15484115137721943
2024-01-30,74,5,0.005102716487984758,0.0007289473220983269,0.004373769165886431,0.004902716487984758,0.004173769165886431,0.2,0.0002,0.2,0.053829259317685896
2024-01-31,74,5,0.015365526074163444,0.007339108519748341,0.008026417554415102,0.015165526074163443,0.007826417554415103,0.2,0.0002,0.2,-0.003621852180712537
2024-02-01,74,5,0.013258948087052289,0.0090386074834298,0.004220340603622488,0.013058948087052288,0.004020340603622488,0.2,0.0002,0.2,0.1568947231601303
2024-02-02,74,5,0.016850995024417025,0.014859332265060473,0.0019916627593565515,0.016850995024417025,0.0019916627593565515,0.0,0.0,0.2,0.16598471988810815
2024-02-05,74,5,0.01348843460607548,0.016731060343763617,-0.003242625737688137,0.01348843460607548,-0.003242625737688137,0.0,0.0,0.2,0.18036448825371387
2024-02-06,74,5,0.006971223737309251,0.010096584906706651,-0.0031253611693974,0.006771223737309252,-0.0033253611693973995,0.2,0.0002,0.2,-0.382193147332476
2024-02-07,74,5,0.004670485151741786,0.008923030724666927,-0.004252545572925141,0.004470485151741786,-0.004452545572925141,0.2,0.0002,0.2,0.03418418218614505
2024-02-08,74,5,0.00429449206711789,0.00825549525000398,-0.003961003182886089,0.00409449206711789,-0.004161003182886089,0.2,0.0002,0.2,-0.37447809317386316
2024-02-19,74,5,0.006963777557774184,0.0027686945749216415,0.004195082982852542,0.006563777557774183,0.003795082982852542,0.4,0.0004,0.2,-0.2283706200303186
2024-02-20,74,5,0.005679627222286401,0.004098459426145774,0.001581167796140627,0.005479627222286401,0.0013811677961406274,0.2,0.0002,0.4,-0.38203578267535754
2024-02-21,74,5,0.005426728498735324,0.00015084979246386096,0.0052758787062714635,0.005226728498735325,0.005075878706271464,0.2,0.0002,0.2,-0.12616005763613813
2024-02-22,74,5,0.0072708366130606675,0.0017247629457495435,0.005546073667311124,0.0072708366130606675,0.005546073667311124,0.0,0.0,0.2,-0.1257914434316305
2024-02-23,74,5,0.006558886934297093,0.0017728798342289387,0.0047860071000681535,0.006358886934297093,0.004586007100068155,0.2,0.0002,0.2,0.07339015583497854
2024-02-26,74,5,0.005879258781915988,0.005061662624766951,0.0008175961571490371,0.005879258781915988,0.0008175961571490371,0.0,0.0,0.2,0.08685135701187363
2024-02-27,74,5,0.005558789203132975,0.004159188892488145,0.0013996003106448293,0.005358789203132975,0.0011996003106448296,0.2,0.0002,0.2,0.2711684977307094
2024-02-28,74,5,0.008097932358917263,0.0064269242602648016,0.001671008098652461,0.007897932358917262,0.0014710080986524605,0.2,0.0002,0.2,-0.059634558506974855
2024-02-29,74,5,0.002454628813220192,0.0019566929510004207,0.0004979358622197714,0.002254628813220192,0.0002979358622197713,0.2,0.0002,0.2,0.27955062250451945
2024-03-01,74,5,0.0032093886504154677,0.0016860799923950221,0.0015233086580204456,0.0030093886504154676,0.0013233086580204455,0.2,0.0002,0.4,0.19722620296317928
2024-03-04,74,5,0.001602146943231313,0.0018880939636355717,-0.00028594702040425873,0.0014021469432313129,-0.0004859470204042588,0.2,0.0002,0.4,0.005439566002877427
2024-03-05,74,5,0.00029359530187932136,0.00021206927419246724,8.152602768685412e-05,0.00029359530187932136,8.152602768685412e-05,0.0,0.0,0.4,0.007735204996610179
2024-03-06,74,5,-0.001959649097694065,-0.00022172423242532136,-0.0017379248652687437,-0.002159649097694065,-0.0019379248652687437,0.2,0.0002,0.2,-0.02785253215384742
2024-03-07,74,5,-0.0037127018774107644,3.8775133226359876e-05,-0.0037514770106371245,-0.0041127018774107646,-0.004151477010637125,0.4,0.0004,0.2,-0.6548872681579372
2024-03-08,74,5,0.0024595715358803096,0.0004482293346328617,0.0020113422012474477,0.0020595715358803094,0.0016113422012474477,0.4,0.0004,0.4,-0.18221088345918446
2024-03-11,74,5,0.005769386055507942,0.0007469111567459924,0.005022474898761949,0.005569386055507942,0.00482247489876195,0.2,0.0002,0.4,-0.4592316418593736
2024-03-12,74,5,0.0057925919815917885,-0.0005583031151617414,0.00635089509675353,0.005592591981591789,0.0061508950967535305,0.2,0.0002,0.2,-0.1821889186615202
2024-03-13,74,5,0.008489555542965413,0.0012827709691867139,0.007206784573778699,0.008289555542965413,0.0070067845737786984,0.2,0.0002,0.2,0.03796361588013397
2024-03-14,74,5,0.007392521748189207,0.0013175762600167252,0.006074945488172482,0.007392521748189207,0.006074945488172482,0.0,0.0,0.2,0.0402076212750373
2024-03-15,74,5,0.0028029395106346565,-0.0018072123786891149,0.004610151889323772,0.0026029395106346564,0.004410151889323771,0.2,0.0002,0.2,-0.21430821573054004
2024-03-18,74,5,-0.0021410261338443435,-0.004317211030887647,0.0021761848970433036,-0.0023410261338443436,0.0019761848970433035,0.2,0.0002,0.2,0.07321542125733416
2024-03-19,74,5,0.0030907110318891327,-0.0018387548667771624,0.004929465898666295,0.0030907110318891327,0.004929465898666295,0.0,0.0,0.2,0.07270365063583739
2024-03-20,74,5,-0.0009481564233449725,-0.005001116378656788,0.004052959955311816,-0.0011481564233449726,0.0038529599553118153,0.2,0.0002,0.2,0.21291306622232398
2024-03-21,74,5,0.000863682413214315,-0.003077650827249813,0.003941333240464128,0.000663682413214315,0.003741333240464128,0.2,0.0002,0.2,0.4473795594248564
2024-03-22,74,5,0.003333701041536239,0.0010911396486086911,0.002242561392927548,0.003333701041536239,0.002242561392927548,0.0,0.0,0.2,0.46038887699964093
2024-03-25,73,5,0.004327072067178346,0.004299208868543769,2.7863198634577035e-05,0.004127072067178346,-0.00017213680136542262,0.2,0.0002,0.2,0.07499179303221837
2024-03-26,73,5,0.002190524081848202,0.0029567504431035002,-0.0007662263612552983,0.002190524081848202,-0.0007662263612552983,0.0,0.0,0.2,0.07933800140292746
2024-03-27,74,5,-0.004828127034064909,0.005030327837302357,-0.009858454871367266,-0.005028127034064908,-0.010058454871367264,0.2,0.0002,0.2,-0.1382619355749739
2024-03-28,74,5,-0.010234211090045941,0.0029815831053683914,-0.013215794195414333,-0.010234211090045941,-0.013215794195414333,0.0,0.0,0.2,-0.1380781670099953
2024-03-29,73,5,-0.005721163489419969,0.0007185427032419344,-0.006439706192661904,-0.005921163489419969,-0.006639706192661903,0.2,0.0002,0.2,0.02193515483806152
2024-04-01,74,5,-0.010475721101526978,-0.0018897427428894316,-0.008585978358637546,-0.010675721101526979,-0.008785978358637547,0.2,0.0002,0.2,-0.2287142889832996
2024-04-02,74,5,-0.0075143914168189245,-0.0006041966715764324,-0.006910194745242492,-0.007714391416818924,-0.007110194745242492,0.2,0.0002,0.2,-0.15126790958455594
2024-04-03,74,5,-0.001280330350507164,-0.0014893397109094829,0.0002090093604023189,-0.001480330350507164,9.00936040231881e-06,0.2,0.0002,0.2,0.1354159072423542
2024-04-08,74,5,0.006075979585089173,0.0030264566468714013,0.0030495229382177715,0.006075979585089173,0.0030495229382177715,0.0,0.0,0.2,0.12936470386967258
2024-04-09,74,5,0.004211321792098368,0.00024666841971269317,0.0039646533723856755,0.004011321792098369,0.0037646533723856754,0.2,0.0002,0.2,0.15580660861074236
2024-04-10,74,5,0.008077275768902954,0.004303217414177317,0.0037740583547256363,0.007677275768902953,0.003374058354725636,0.4,0.0004,0.2,0.0990338800327919
2024-04-11,74,5,0.005838312967482797,0.003265285577214927,0.00257302739026787,0.005438312967482797,0.00217302739026787,0.4,0.0004,0.2,0.22205147954543136
2024-04-12,74,5,0.0027946421766376073,0.003690504796997058,-0.0008958626203594507,0.002394642176637607,-0.001295862620359451,0.4,0.0004,0.4,0.05499742306784583
2024-04-15,74,5,-0.002578921036738002,-0.001269135031445958,-0.001309786005292044,-0.002778921036738002,-0.001509786005292044,0.2,0.0002,0.4,-0.12621659819552455
2024-04-16,74,5,0.001281589839493442,-0.0013838739411248112,0.002665463780618253,0.001081589839493442,0.0024654637806182534,0.2,0.0002,0.4,-0.08868101998881528
2024-04-17,74,5,-0.002148045556802516,-0.003329335655405642,0.0011812900986031263,-0.002348045556802516,0.0009812900986031262,0.2,0.0002,0.4,0.025161152116130125
2024-04-18,74,5,-0.005443831686860299,-0.0034548217418997962,-0.001989009944960503,-0.005643831686860299,-0.0021890099449605026,0.2,0.0002,0.4,-0.12620540850952722
2024-04-19,75,5,-0.0059913767421253625,-0.00012675579519953246,-0.00586462094692583,-0.006191376742125362,-0.00606462094692583,0.2,0.0002,0.4,0.018201737143954233
2024-04-22,75,5,-0.0026761615166935203,0.0024417166188363706,-0.0051178781355298904,-0.0030761615166935204,-0.0055178781355298915,0.4,0.0004,0.4,-0.11668362998312887
2024-04-23,74,5,-0.0019420536397478604,0.005176402635349889,-0.00711845627509775,-0.0021420536397478603,-0.007318456275097749,0.2,0.0002,0.4,0.08097450174956222
2024-04-24,74,5,-0.0015277673665125358,0.0068983667677109,-0.008426134134223436,-0.0015277673665125358,-0.008426134134223436,0.0,0.0,0.4,0.08709182177476649
2024-04-25,74,5,0.004497883931585141,0.0077402371712913,-0.0032423532397061593,0.004297883931585141,-0.003442353239706159,0.2,0.0002,0.2,-0.04886052544763686
2024-04-26,74,5,0.002772972143773149,0.003375840081167445,-0.0006028679373942959,0.002572972143773149,-0.0008028679373942959,0.2,0.0002,0.2,-0.26657216557603114
2024-04-29,74,5,0.005707022793453431,0.0041833929833252,0.0015236298101282313,0.005507022793453432,0.0013236298101282316,0.2,0.0002,0.2,-0.08473243308797507
2024-04-30,75,5,0.0077980463061885445,0.005291623166982095,0.002506423139206449,0.007598046306188545,0.0023064231392064495,0.2,0.0002,0.4,-0.011857771263283468
2024-05-06,75,5,0.005191732189860625,0.002960728262636177,0.002231003927224448,0.004991732189860625,0.0020310039272244482,0.2,0.0002,0.4,-0.030806604564247664
2024-05-07,75,5,0.0059492420439282824,0.00239744053806963,0.0035518015058586525,0.0059492420439282824,0.0035518015058586525,0.0,0.0,0.4,-0.03959958677259934
2024-05-08,75,5,0.005391246668558551,0.0017500713742570277,0.0036411752943015232,0.0051912466685585515,0.0034411752943015236,0.2,0.0002,0.4,0.016753983127902217
2024-05-09,75,5,-0.0009213283906826141,-0.001107945141555692,0.00018661675087307792,-0.001121328390682614,-1.3383249126922058e-05,0.2,0.0002,0.2,-0.1101410819756623
2024-05-10,75,5,-0.003899063997279013,-0.0008841036364440693,-0.003014960360834944,-0.003899063997279013,-0.003014960360834944,0.0,0.0,0.2,-0.10328976137362034
2024-05-13,75,5,-0.007438526760161221,-0.0002675005754694624,-0.007171026184691759,-0.007638526760161221,-0.0073710261846917586,0.2,0.0002,0.2,-0.05579428123668606
2024-05-14,75,5,-0.007609099486149603,-0.0012812532808100386,-0.006327846205339564,-0.007609099486149603,-0.006327846205339564,0.0,0.0,0.2,-0.05878955366794969
2024-05-15,75,5,-0.006231631610316182,0.0007051965813486273,-0.006936828191664809,-0.006431631610316181,-0.007136828191664809,0.2,0.0002,0.2,0.008238449776694523
2024-05-16,75,5,-0.005735127280923704,-0.0013242797369865742,-0.00441084754393713,-0.005735127280923704,-0.00441084754393713,0.0,0.0,0.2,-0.008397408367912362
2024-05-17,75,5,-0.005800435968655071,-0.003245747443544919,-0.002554688525110152,-0.00600043596865507,-0.0027546885251101515,0.2,0.0002,0.2,-0.27659929962470997
2024-05-20,75,5,-0.0013406704896979616,-0.002337980664063865,0.0009973101743659034,-0.0013406704896979616,0.0009973101743659034,0.0,0.0,0.2,-0.2768276409220274
2024-05-21,75,5,-0.0005594378775180609,-0.002416537284872529,0.0018570994073544682,-0.0005594378775180609,0.0018570994073544682,0.0,0.0,0.2,-0.2775494996713608
2024-05-22,75,5,0.005028452629749114,-0.0016352833656317713,0.006663735995380886,0.004828452629749114,0.006463735995380885,0.2,0.0002,0.2,-0.41410662072931714
2024-05-23,75,5,0.003535993444587633,0.00023814546523055007,0.003297847979357083,0.003335993444587633,0.0030978479793570828,0.2,0.0002,0.2,-0.10276013611514756
2024-05-24,75,5,0.0018870836278208048,-1.6007619610106144e-05,0.001903091247430911,0.0016870836278208047,0.001703091247430911,0.2,0.0002,0.2,-0.10428351283115234
2024-05-27,75,5,-0.0015432321843212725,-0.0019154865381917445,0.000372254353870472,-0.0017432321843212726,0.00017225435387047193,0.2,0.0002,0.2,-0.08001888075954966
2024-05-28,75,5,0.0012385067964156393,0.0012783605512957502,-3.985375488011096e-05,0.0012385067964156393,-3.985375488011096e-05,0.0,0.0,0.2,-0.07972876790648087
2024-05-29,75,5,-0.0020754817416635965,-0.00020951025241238151,-0.001865971489251215,-0.0022754817416635966,-0.0020659714892512153,0.2,0.0002,0.2,0.005410311098376752
2024-05-30,75,5,0.0019446849924491527,0.0005712692775710311,0.0013734157148781218,0.0017446849924491526,0.0011734157148781217,0.2,0.0002,0.2,-0.15522449260219062
2024-05-31,75,5,0.0036048457481886987,0.0019822006890510323,0.0016226450591376664,0.0036048457481886987,0.0016226450591376664,0.0,0.0,0.2,-0.1512496917343107
2024-06-03,75,5,0.0024574123574454634,-0.0001582142711238831,0.0026156266285693465,0.0022574123574454633,0.0024156266285693465,0.2,0.0002,0.2,-0.22711952862195517
2024-06-04,75,5,0.00037320070555055376,-0.0015865160807107923,0.001959716786261346,0.00037320070555055376,0.001959716786261346,0.0,0.0,0.2,-0.22137046267619453
2024-06-05,75,5,0.0034028062086909295,-0.001972015370980108,0.005374821579671037,0.0030028062086909293,0.004974821579671038,0.4,0.0004,0.2,-0.15482644654984057
2024-06-06,75,5,-0.0011057063038598747,-0.0019138317115925077,0.0008081254077326331,-0.0011057063038598747,0.0008081254077326331,0.0,0.0,0.2,-0.13927452963419285
2024-06-07,75,5,0.0012475233239382178,-0.0031470901545848085,0.004394613478523026,0.0012475233239382178,0.004394613478523026,0.0,0.0,0.2,-0.13759057435109412
2024-06-11,75,5,0.004796340671266797,-0.0008512442249539627,0.00564758489622076,0.004796340671266797,0.00564758489622076,0.0,0.0,0.2,-0.14073097464137696
2024-06-12,75,5,0.0037628403902110904,-0.002703145920833942,0.006465986311045033,0.0037628403902110904,0.006465986311045033,0.0,0.0,0.2,-0.13177066462083076
2024-06-13,75,5,0.004974720150483077,-0.002717924079494466,0.0076926442299775424,0.004774720150483077,0.007492644229977544,0.2,0.0002,0.2,-0.06284280463322389
2024-06-14,75,5,0.0022077017734124025,-0.002944023763042292,0.005151725536454694,0.0020077017734124025,0.004951725536454695,0.2,0.0002,0.2,0.020991231078177464
2024-06-17,75,5,-0.0005818179296883131,-0.0034064498149684666,0.0028246318852801536,-0.0009818179296883132,0.0024246318852801534,0.4,0.0004,0.2,-0.1252827838640389
2024-06-18,75,5,-0.004585909535314538,-0.004345484162257932,-0.00024042537305660628,-0.004585909535314538,-0.00024042537305660628,0.0,0.0,0.2,-0.12120992381344564
2024-06-19,75,5,-0.003433041588495249,-0.0020038113420289285,-0.0014292302464663205,-0.003433041588495249,-0.0014292302464663205,0.0,0.0,0.2,-0.10874308576422109
2024-06-20,75,5,-0.003162140277979084,-0.002605732128456527,-0.0005564081495225571,-0.0035621402779790843,-0.0009564081495225573,0.4,0.0004,0.4,-0.13112112481898208
2024-06-21,75,5,0.004052333840253537,-0.00042418136615190126,0.004476515206405438,0.0038523338402535368,0.004276515206405438,0.2,0.0002,0.4,-0.028780935550912545
2024-06-24,75,5,0.003534218366392712,0.00267695383150129,0.0008572645348914223,0.003334218366392712,0.0006572645348914222,0.2,0.0002,0.4,-0.20454498211550742
2024-06-25,75,5,0.005408974040627754,0.0019361982595310235,0.0034727757810967307,0.0052089740406277545,0.003272775781096731,0.2,0.0002,0.4,-0.043733237932144675
2024-06-26,75,5,0.003928898625341169,0.0003109042115241959,0.0036179944138169727,0.003928898625341169,0.0036179944138169727,0.0,0.0,0.4,-0.04168547717774729
2024-06-27,75,5,-0.003751564239934657,0.0008195952373855463,-0.004571159477320203,-0.004151564239934657,-0.0049711594773202035,0.4,0.0004,0.4,0.01170997956443287
2024-06-28,75,5,-0.006914647109096203,-0.0007550556957855695,-0.006159591413310633,-0.0071146471090962025,-0.0063595914133106335,0.2,0.0002,0.4,0.24945391663809957
2024-07-01,75,5,-0.00353516809593013,-0.003890423393824427,0.00035525529789429697,-0.00393516809593013,-4.474470210570321e-05,0.4,0.0004,0.4,-0.0778787637551197
2024-07-02,75,5,0.0009064982338133776,-0.0009883064503616401,0.0018948046841750178,0.0007064982338133776,0.0016948046841750177,0.2,0.0002,0.4,-0.18522766081548703
2024-07-03,75,5,-0.004481923265212617,-0.0020919928751466374,-0.0023899303900659797,-0.004481923265212617,-0.0023899303900659797,0.0,0.0,0.4,-0.1806288145028745
2024-07-04,75,5,0.007505955012127199,0.0024448743501690293,0.00506108066195817,0.007105955012127199,0.00466108066195817,0.4,0.0004,0.2,-0.23859731539513618
2024-07-05,75,5,0.00010947091416150024,0.0015779343543479798,-0.0014684634401864796,0.00010947091416150024,-0.0014684634401864796,0.0,0.0,0.2,-0.21909165459117652
2024-07-08,75,5,0.002629490349334054,0.003672962499864065,-0.0010434721505300113,0.0022294903493340536,-0.0014434721505300115,0.4,0.0004,0.2,-0.26567941207926005
2024-07-09,75,5,-0.0033160305042696384,0.003239374151861446,-0.006555404656131084,-0.0033160305042696384,-0.006555404656131084,0.0,0.0,0.2,-0.26241584241650173
2024-07-10,75,5,-0.003964500115542409,0.004856143965616145,-0.008820644081158555,-0.003964500115542409,-0.008820644081158555,0.0,0.0,0.2,-0.27192419845677307
2024-07-11,75,5,-0.003159370116454054,0.003397438560881247,-0.0065568086773353015,-0.0033593701164540543,-0.006756808677335301,0.2,0.0002,0.2,-0.0689556771178843
2024-07-12,75,5,-0.0029955338928801378,0.004331131090419071,-0.007326664983299209,-0.0029955338928801378,-0.007326664983299209,0.0,0.0,0.2,-0.07960141787752661
2024-07-15,75,5,0.0007307552661499494,0.0026280726376879887,-0.0018973173715380394,0.0005307552661499495,-0.0020973173715380395,0.2,0.0002,0.2,-0.12437598921839843
2024-07-16,75,5,-0.01229496706528323,-0.0028746415963846234,-0.009420325468898608,-0.012494967065283231,-0.009620325468898608,0.2,0.0002,0.2,-0.20652253045266278
2024-07-17,75,5,-0.00811152770665569,-0.0033552450002983835,-0.004756282706357306,-0.00831152770665569,-0.004956282706357306,0.2,0.0002,0.2,-0.10205279553311186
2024-07-18,75,5,-0.013458638150068078,-0.006541067928790133,-0.006917570221277945,-0.013658638150068078,-0.007117570221277946,0.2,0.0002,0.2,-0.11645121947993253
2024-07-19,74,5,-0.010397220841401244,-0.0059069563480289205,-0.004490264493372324,-0.010597220841401245,-0.004690264493372324,0.2,0.0002,0.2,0.4693308657966426
2024-07-22,74,5,-0.006834332446440064,-0.005765389365465638,-0.001068943080974426,-0.007234332446440064,-0.0014689430809744263,0.4,0.0004,0.2,0.10424501671239383
2024-07-23,74,5,-0.004435516666588852,-0.0030538649238198417,-0.0013816517427690106,-0.004635516666588852,-0.0015816517427690103,0.2,0.0002,0.2,0.5417467810725611
2024-07-24,74,5,-0.002080714297293427,0.001459312125049799,-0.003540026422343226,-0.002480714297293427,-0.003940026422343226,0.4,0.0004,0.2,0.1373569383859703
2024-07-25,74,5,0.0010252381121606913,0.0013828019517361982,-0.00035756383957550697,0.0008252381121606913,-0.000557563839575507,0.2,0.0002,0.2,-0.4734539717424191
2024-07-26,74,5,-0.0032847652056233927,-0.001461836513545935,-0.0018229286920774578,-0.003484765205623393,-0.002022928692077458,0.2,0.0002,0.2,0.20771359808582446
2024-07-29,74,5,-0.004052763123958027,-0.003026028143199433,-0.0010267349807585942,-0.004052763123958027,-0.0010267349807585942,0.0,0.0,0.2,0.20967236578409043
2024-07-30,74,5,0.0019168639407934542,-0.0008486311970940654,0.0027654951378875197,0.001716863940793454,0.0025654951378875196,0.2,0.0002,0.2,-0.018263991450538697
2024-07-31,74,5,-0.005026160702195006,-0.00461607771082259,-0.00041008299137241643,-0.005426160702195006,-0.0008100829913724166,0.4,0.0004,0.2,0.007698143296746451
2024-08-01,74,5,-0.0010264148015534014,-0.003126406689069307,0.0020999918875159052,-0.0012264148015534015,0.0018999918875159053,0.2,0.0002,0.2,-0.422944008186974
2024-08-02,75,5,-0.003828182162209677,-0.0026429970771401795,-0.0011851850850694975,-0.004028182162209677,-0.0013851850850694976,0.2,0.0002,0.2,-0.16976812368753613
2024-08-05,75,5,-0.0016840796615609,-0.00024360056705453322,-0.0014404790945063669,-0.0016840796615609,-0.0014404790945063669,0.0,0.0,0.2,-0.17236011927575134
2024-08-06,75,5,-0.004171675883036383,-0.0010465495234442648,-0.0031251263595921184,-0.004171675883036383,-0.0031251263595921184,0.0,0.0,0.2,-0.16792504512655348
2024-08-07,75,5,-0.006848509868900181,-0.0029828294305147317,-0.0038656804383854493,-0.007048509868900181,-0.004065680438385449,0.2,0.0002,0.2,-0.3639452680042847
2024-08-08,75,5,-0.005903603131333437,-0.001093136324346573,-0.004810466806986864,-0.006103603131333436,-0.0050104668069868635,0.2,0.0002,0.2,-0.1693296024512776
2024-08-09,75,5,-0.0010140445210853732,-0.0008759546919477714,-0.00013808982913760177,-0.0012140445210853733,-0.00033808982913760186,0.2,0.0002,0.2,0.37039642595721745
2024-08-12,75,5,0.0025357442620492507,-0.0003592682915768461,0.002895012553626097,0.0023357442620492506,0.002695012553626097,0.2,0.0002,0.2,0.16194042272309161
2024-08-13,75,5,-0.0009836951448643516,-0.002557667549306734,0.0015739724044423822,-0.0009836951448643516,0.0015739724044423822,0.0,0.0,0.2,0.16376956549309085
2024-08-14,75,5,-0.0019019751837362619,-0.0011762476542887133,-0.0007257275294475485,-0.0021019751837362617,-0.0009257275294475484,0.2,0.0002,0.2,-0.0976982745376862
2024-08-15,75,5,-0.005220549169114168,-0.003453532978045103,-0.0017670161910690648,-0.005220549169114168,-0.0017670161910690648,0.0,0.0,0.2,-0.0946142206954459
2024-08-16,75,5,-0.0036210531842087597,-0.0021778192867648307,-0.001443233897443929,-0.00382105318420876,-0.001643233897443929,0.2,0.0002,0.4,-0.20788266177076586
2024-08-19,75,5,-0.0034098608783738847,-0.003367974464311606,-4.1886414062278915e-05,-0.0034098608783738847,-4.1886414062278915e-05,0.0,0.0,0.4,-0.2122087485765647
2024-08-20,75,5,-0.0026790241174046558,-0.002807169156111711,0.00012814503870705544,-0.0026790241174046558,0.00012814503870705544,0.0,0.0,0.4,-0.2138541817870756
2024-08-21,75,5,-0.002126880714708168,-0.0027440898453125165,0.0006172091306043486,-0.002326880714708168,0.0004172091306043485,0.2,0.0002,0.4,0.1252600608011747
2024-08-22,75,5,-0.0030819387690678335,-0.002290529897995822,-0.0007914088710720114,-0.0030819387690678335,-0.0007914088710720114,0.0,0.0,0.4,0.1273495786157497
2024-08-23,75,5,-0.0032778414388340326,-0.0013078070630738053,-0.0019700343757602275,-0.0032778414388340326,-0.0019700343757602275,0.0,0.0,0.4,0.11926018969669272
2024-08-26,75,5,-0.004025891685799632,-0.0034669328393995753,-0.0005589588464000564,-0.004225891685799631,-0.0007589588464000561,0.2,0.0002,0.4,0.07805192135146655
2024-08-27,75,5,-0.0002890235910680117,-0.001013181065101192,0.0007241574740331802,-0.0006890235910680118,0.00032415747403318016,0.4,0.0004,0.2,-0.119970411226058
2024-08-28,75,5,-0.0025680979268734696,-0.0017502875371902162,-0.0008178103896832533,-0.0027680979268734696,-0.0010178103896832534,0.2,0.0002,0.2,-0.25949442065429196
2024-08-29,75,5,-0.0031335603559079677,-0.0011993316980646116,-0.001934228657843356,-0.0033335603559079678,-0.0021342286578433563,0.2,0.0002,0.2,-0.06245725030818505
2024-08-30,75,5,-0.002502576968559018,-0.003858556261905877,0.0013559792933468592,-0.003102576968559018,0.0007559792933468593,0.6000000000000001,0.0006000000000000001,0.2,-0.33102607200301293
2024-09-02,75,5,-0.0004724794730912718,-0.0030654547657268942,0.0025929752926356223,-0.0006724794730912718,0.0023929752926356226,0.2,0.0002,0.4,-0.04549168351922894
2024-09-03,74,5,-0.0037628124314208608,-0.004175837494225181,0.00041302506280431993,-0.00396281243142086,0.00021302506280432027,0.2,0.0002,0.2,-0.16855155211266215
2024-09-04,74,5,-0.002841347104611942,-0.0042511520259347225,0.0014098049213227804,-0.003041347104611942,0.0012098049213227803,0.2,0.0002,0.4,-0.00513188911634721
2024-09-05,74,5,-0.0012019490217658247,-0.0050473271139541915,0.0038453780921883667,-0.0012019490217658247,0.0038453780921883667,0.0,0.0,0.4,-0.010242908803855144
2024-09-06,73,5,-0.0016359011179036286,-0.005326668603335524,0.003690767485431895,-0.0016359011179036286,0.003690767485431895,0.0,0.0,0.4,0.0006952233464847524
2024-09-09,73,5,0.0009950523256797882,-0.0017180742381605041,0.0027131265638402923,0.0009950523256797882,0.0027131265638402923,0.0,0.0,0.4,0.010623476520731145
2024-09-10,73,5,0.003029412812933301,0.0005449554097714056,0.002484457403161895,0.003029412812933301,0.002484457403161895,0.0,0.0,0.4,0.00511123851367401
2024-09-11,73,5,0.0009226649037030832,0.0014734194872618952,-0.000550754583558812,0.0009226649037030832,-0.000550754583558812,0.0,0.0,0.4,0.009805746054297515
2024-09-12,73,5,0.001973072123312396,0.0029421631039036654,-0.0009690909805912694,0.001773072123312396,-0.0011690909805912694,0.2,0.0002,0.2,0.07193207299680537
2024-09-13,73,5,0.006102339981994591,0.011269143115325215,-0.0051668031333306245,0.006102339981994591,-0.0051668031333306245,0.0,0.0,0.2,0.0772497948941755
2024-09-18,73,5,0.010069273135232412,0.013166913251747204,-0.0030976401165147913,0.010069273135232412,-0.0030976401165147913,0.0,0.0,0.2,0.08301687620904552
2024-09-19,74,5,0.015476735586804633,0.019029184650790953,-0.0035524490639863206,0.015476735586804633,-0.0035524490639863206,0.0,0.0,0.2,0.06019749228579485
2024-09-20,74,5,0.02061214715946929,0.027118616275089456,-0.006506469115620167,0.02041214715946929,-0.006706469115620166,0.2,0.0002,0.2,0.18688898296523782
2024-09-23,74,5,0.035458234480698944,0.04372632433466866,-0.008268089853969714,0.035258234480698945,-0.008468089853969712,0.2,0.0002,0.2,0.05840313062439151
2024-09-24,74,5,0.039072254259211535,0.04159267184738449,-0.002520417588172952,0.039072254259211535,-0.002520417588172952,0.0,0.0,0.2,0.044512331323335985
2024-09-25,74,5,0.03866006155183566,0.021499747743723215,0.01716031380811245,0.038460061551835664,0.01696031380811245,0.2,0.0002,0.2,-0.04670426224137181
2024-09-26,74,5,0.024790479172035147,0.01685228479341153,0.007938194378623618,0.02459047917203515,0.007738194378623619,0.2,0.0002,0.2,0.10989784936919733
2024-09-27,74,5,0.00666057020292731,0.00415986025104507,0.00250070995188224,0.00666057020292731,0.00250070995188224,0.0,0.0,0.2,0.11408782145251806
2024-09-30,74,5,-0.0038940955412135117,-0.0075725385820965595,0.003678443040883048,-0.004094095541213511,0.003478443040883048,0.2,0.0002,0.2,0.10156522741321794
2024-10-08,74,5,-0.019314957597419777,-0.01690772325467421,-0.002407234342745569,-0.019514957597419776,-0.002607234342745568,0.2,0.0002,0.2,0.18825817020594116
2024-10-09,74,5,-0.016514122570650228,-0.0035091573487115906,-0.013004965221938638,-0.016714122570650226,-0.013204965221938637,0.2,0.0002,0.2,0.5711065837568263
2024-10-10,75,5,-0.01185841556759419,-0.00893568627007733,-0.002922729297516859,-0.01205841556759419,-0.0031227292975168595,0.2,0.0002,0.2,0.6316131900099116
2024-10-11,75,5,0.0036105404640944493,-0.00021601360345943998,0.0038265540675538894,0.003410540464094449,0.0036265540675538893,0.2,0.0002,0.2,0.7487666998671827
2024-10-14,75,5,0.002055053631822421,-0.002456664206476192,0.004511717838298613,0.001855053631822421,0.0043117178382986125,0.2,0.0002,0.2,0.3459398096271933
2024-10-15,75,5,0.007448808937427468,0.003827628776886311,0.0036211801605411566,0.007248808937427468,0.003421180160541157,0.2,0.0002,0.2,0.3792844745584212
2024-10-16,75,5,0.008744942804452852,0.0055945863025216955,0.0031503565019311563,0.008544942804452851,0.002950356501931156,0.2,0.0002,0.2,0.08467423906445148
2024-10-17,75,5,0.008111922478945387,0.006169775919375662,0.0019421465595697253,0.007711922478945387,0.001542146559569725,0.4,0.0004,0.2,0.3573850110900345
2024-10-18,75,5,0.0001406153935397647,0.002531638042681501,-0.002391022649141736,-5.93846064602353e-05,-0.002591022649141736,0.2,0.0002,0.2,0.5566202914315532
2024-10-21,75,5,-0.001687049337856523,0.00404837959854247,-0.005735428936398994,-0.0018870493378565232,-0.0059354289363989935,0.2,0.0002,0.2,0.45731703688398184
2024-10-22,75,5,0.01669923278455224,0.0003705203006799982,0.016328712483872243,0.01629923278455224,0.015928712483872242,0.4,0.0004,0.4,0.048102796313699514
2024-10-23,75,5,0.009631490830459905,-0.0024332824904274497,0.012064773320887356,0.009431490830459905,0.011864773320887353,0.2,0.0002,0.4,0.26448242942967326
2024-10-24,75,5,0.016032717840757247,-6.239721632975777e-06,0.016038957562390224,0.015832717840757248,0.015838957562390225,0.2,0.0002,0.4,0.07568353372145964
2024-10-25,75,5,0.0035541150206601603,-5.44143675939397e-05,0.0036085293882541,0.0035541150206601603,0.0036085293882541,0.0,0.0,0.4,0.10872073804967641
2024-10-28,74,5,0.0020114267830552766,-0.0007728017629712689,0.0027842285460265457,0.0018114267830552765,0.002584228546026545,0.2,0.0002,0.4,0.6177933807569076
2024-10-29,74,5,0.011177654086006595,0.006306468888402077,0.004871185197604518,0.011177654086006595,0.004871185197604518,0.0,0.0,0.4,0.6167320182393077
2024-10-30,74,5,0.014675325299912414,0.008146786082517888,0.006528539217394526,0.014475325299912413,0.006328539217394525,0.2,0.0002,0.4,-0.07832064623563895
2024-10-31,74,5,0.012680954403183686,0.012560153538977567,0.0001208008642061189,0.012480954403183685,-7.919913579388163e-05,0.2,0.0002,0.4,0.649876305875253
2024-11-01,74,5,0.025405275338780696,0.010717691737262374,0.014687583601518322,0.025005275338780695,0.01428758360151832,0.4,0.0004,0.4,-0.2364984952219764
2024-11-04,74,5,0.037939054701234654,0.009301891865287789,0.028637162835946865,0.037739054701234655,0.028437162835946866,0.2,0.0002,0.4,-0.16194742069182944
2024-11-05,74,5,0.023819785994595503,0.00242287263897525,0.021396913355620252,0.023819785994595503,0.021396913355620252,0.0,0.0,0.4,-0.13045607957899463
2024-11-06,74,5,0.013478908967671515,0.0030843973412141503,0.010394511626457366,0.013478908967671515,0.010394511626457366,0.0,0.0,0.4,-0.0990478659303804
2024-11-07,74,5,0.001388993916072443,-0.00463846338862541,0.006027457304697854,0.001188993916072443,0.005827457304697853,0.2,0.0002,0.4,0.03582833676378527
2024-11-08,74,5,-0.013979066355257808,-0.006042832400659845,-0.007936233954597962,-0.014179066355257808,-0.008136233954597963,0.2,0.0002,0.4,-0.06813135010156657
2024-11-11,75,5,-0.023338856068310328,-0.006471941954570476,-0.01686691411373985,-0.023538856068310327,-0.01706691411373985,0.2,0.0002,0.4,-0.4508094206201978
2024-11-12,75,5,-0.018107921403890854,-0.0043868370936497765,-0.013721084310241077,-0.018307921403890853,-0.013921084310241076,0.2,0.0002,0.4,-0.11201132393749091
2024-11-13,75,5,-0.011273379108686088,-0.004936134690413024,-0.006337244418273064,-0.011473379108686088,-0.006537244418273065,0.2,0.0002,0.4,0.10219310721321051
2024-11-14,75,5,-0.004059956999434613,-0.001511109854771763,-0.00254884714466285,-0.004259956999434613,-0.00274884714466285,0.2,0.0002,0.4,-0.33789863589588975
2024-11-15,75,5,-0.0054627201090054495,-0.005107204432932993,-0.0003555156760724565,-0.0054627201090054495,-0.0003555156760724565,0.0,0.0,0.4,-0.364457459079059
2024-11-18,75,5,-0.004146676920474173,-0.006122902809047639,0.0019762258885734664,-0.004146676920474173,0.0019762258885734664,0.0,0.0,0.4,-0.36179915245917016
2024-11-19,75,5,-0.0050559491842158,-0.007178346351700895,0.002122397167485095,-0.0052559491842158,0.0019223971674850954,0.2,0.0002,0.4,-0.11703178457115015
2024-11-20,75,5,-0.002059280400405177,-0.004693892432091369,0.0026346120316861916,-0.002059280400405177,0.0026346120316861916,0.0,0.0,0.4,-0.12616713982272643
2024-11-21,75,5,-0.0048933681730058964,-0.005826253420381055,0.0009328852473751582,-0.005093368173005896,0.0007328852473751585,0.2,0.0002,0.4,-0.3517501678586008
2024-11-22,75,5,0.009442329291927827,0.002189384376318844,0.007252944915608983,0.009242329291927826,0.007052944915608982,0.2,0.0002,0.4,-0.16841197719240597
2024-11-25,75,5,0.011433482739147745,0.005320590551278206,0.0061128921878695385,0.011233482739147744,0.005912892187869538,0.2,0.0002,0.2,0.11133491827220965
2024-11-26,75,5,0.01368557802940173,0.00658630875739395,0.007099269272007779,0.013485578029401729,0.006899269272007779,0.2,0.0002,0.2,-0.3634449903586354
2024-11-27,75,5,0.003671429875503005,0.002279464814454584,0.0013919650610484209,0.003471429875503005,0.0011919650610484208,0.2,0.0002,0.2,0.10071503963258976
2024-11-28,75,5,0.004558371823403431,0.002576695973274425,0.001981675850129006,0.004558371823403431,0.001981675850129006,0.0,0.0,0.2,0.10953365800577686
2024-11-29,75,5,-0.002953506311244238,0.0022232730783729657,-0.005176779389617204,-0.002953506311244238,-0.005176779389617204,0.0,0.0,0.2,0.1271522386939985
2024-12-02,75,5,-0.009329857930632856,0.00015662173231494682,-0.009486479662947803,-0.009729857930632855,-0.009886479662947803,0.4,0.0004,0.2,0.013911734629594719
2024-12-03,75,5,-0.006149989114026692,8.001971378849533e-05,-0.0062300088278151875,-0.006149989114026692,-0.0062300088278151875,0.0,0.0,0.2,0.0006085180232737741
2024-12-04,75,5,-0.0009506778180924158,0.001987450359740668,-0.0029381281778330837,-0.0009506778180924158,-0.0029381281778330837,0.0,0.0,0.2,-0.01869467654565682
2024-12-05,75,5,-0.0024874070377083465,0.004605551467965436,-0.007092958505673782,-0.0024874070377083465,-0.007092958505673782,0.0,0.0,0.2,-0.012078413363830975
2024-12-06,75,5,-0.0038934719719376917,-0.0010392884397878732,-0.0028541835321498187,-0.004293471971937692,-0.003254183532149819,0.4,0.0004,0.2,0.08945140645045413
2024-12-09,75,5,-0.005699082599719692,-0.0015302884031258527,-0.004168794196593839,-0.005899082599719691,-0.004368794196593839,0.2,0.0002,0.2,-0.23992131438304654
2024-12-10,75,5,-0.009209258809615513,-0.002013115557191734,-0.007196143252423779,-0.009409258809615514,-0.00739614325242378,0.2,0.0002,0.2,-0.23856030966924813
2024-12-11,75,5,-0.004594667356302042,-0.0020039727761935948,-0.002590694580108447,-0.004594667356302042,-0.002590694580108447,0.0,0.0,0.2,-0.25145003679089406
2024-12-12,75,5,-0.007130519100486935,-0.0043575632630028695,-0.0027729558374840653,-0.0073305191004869345,-0.002972955837484065,0.2,0.0002,0.4,-0.12771842985767634
2024-12-13,75,5,-0.0018123982871639834,-0.0013507092613746826,-0.00046168902578930075,-0.0022123982871639835,-0.0008616890257893009,0.4,0.0004,0.4,0.46610095301658916
2024-12-16,75,5,0.003649913059994212,-0.0005927946405632657,0.0042427077005574776,0.003249913059994212,0.003842707700557478,0.4,0.0004,0.2,-0.13571878545008786
2024-12-17,75,5,0.008445088503172729,0.0015631733875815079,0.006881915115591221,0.00804508850317273,0.006481915115591222,0.4,0.0004,0.2,-0.10325261563485455
2024-12-18,75,5,0.0064065189161845336,0.0008388503291208058,0.005567668587063728,0.006006518916184533,0.005167668587063728,0.4,0.0004,0.2,-0.1919379211614718
2024-12-19,75,5,0.006529164605306992,0.0008971957584663551,0.005631968846840637,0.006329164605306992,0.005431968846840637,0.2,0.0002,0.2,-0.34674580814804834
2024-12-20,75,5,0.003503724715062666,0.0024207244931204637,0.0010830002219422022,0.0031037247150626657,0.000683000221942202,0.4,0.0004,0.2,0.1437791546051379
2024-12-23,75,5,0.006071264385542499,0.0028838777510841627,0.003187386634458336,0.006071264385542499,0.003187386634458336,0.0,0.0,0.2,0.14769266852542984
2024-12-24,75,5,0.0016442838453938255,-0.0012649879986243958,0.0029092718440182214,0.0016442838453938255,0.0029092718440182214,0.0,0.0,0.2,0.14366921857733672
